titles,category
안철수  이재명은  검은 코끼리    민주당 아무 일 못해 ,Politics
   국조 대상에 대검 빼달라  요구에 국조특위 첫 회의 파행,Politics
안철수  이재명  대한민국 근본 흔들고 훼손 스스로 대표직 내려놔야 ,Politics
태영호  김여정 막말 담화로  국민 이간질 넘어가면 안돼 ,Politics
황교익도  청담동 가짜뉴스  더탐사 직격  변명 여지 없어  거짓말  사과해야 ,Politics
 대통령  전투기 공장서  방산수출전략회의   미래 중추 ,Politics
황교익   청담동 술자리 의혹  보도 매체  거짓 중계 사과해야 ,Politics
암호화폐 등 독자 제재 논의에    격한  반응  왜 ,Politics
김여정  천치바보 정권  막말 공세 정부  개탄  강한 유감 ,Politics
    이재명 수사 공식화 에  민주당 뒤 숨지 말고 협조  압박,Politics
조응천  이재명  정치적 책임에 유감 표명해야 사실관계에 당 직접 대응  불편 ,Politics
최연혜 가스  사장 내정에    낙하산     공사 적자해결 ,Politics
유인태     멘토 조언에도  이재명 싫다 며 안 만나 ,Politics
김기현 공부모임에  나경원 강연하고  안철수도 참석,Politics
윤석열 대통령 문제적 발언부터 해명까지    시간  전말은,Politics
   국조 특위 첫날부터 이상민 사퇴 압박  상습 거짓말  종합 ,Politics
 술자리 의혹  김의겸  윤 대통령 등에 유감       사퇴해야 ,Politics
이재명 사법리스크   김의겸 가짜뉴스   노웅래 수뢰의혹 수렁에 빠진   ,Politics
 아니면 말고  김의겸  당 안팎서 책임론 확산,Politics
  이번 주에만 담화 세 번      후  추가 대응   무엇을 준비하나,Politics
김의겸  청담동  유감이나 다시 돌아가도 질문할 것 ,Politics
    맏형 진  크리스마스 앞두고 최전방 신병교육대로 입대,Politics
   대검 빼달라     합의된 사항  이태원 국조 특위 돌연 연기,Politics
나경원 안철수 불러모은 김기현 공부모임   친윤 모임도 다시 뜬다,Politics
여야  방송법 전쟁  돌입     언론장악 막아야      악법 중 악법 ,Politics
비명계  민주당의 이재명 방어에  제 의 조국사태  우려,Politics
전   현정권 비교하며  남남갈등 조장   김여정   천치바보  들먹이며  저급한 막말 ,Politics
미국   토마호크    발  핵잠수함 일본 오키나와 기항 이례적 공개,Politics
화물연대 파업 직격한 정진석  민주노총  국가물류 볼모로 정권퇴진 운동 ,Politics
  양금희  대장동 형제들 잇단 폭로   이재명 빠져나갈 확률    ,Politics
 약자 복지  공공임대주택 예산 국토위 통과    국힘 전원 불출석,Politics
 뉴스포커스  김여정  윤대통령 실명 막말  서울 과녁 까지 언급,Politics
김의겸    등 관련된 분들께 심심한 유감   청담동 술자리 의혹  사과,Politics
김여정   대통령 막말 비난  천치바보를 왜 보고만 있나  종합 보 ,Politics
       틀린 자막 씌워     웃프다  웃긴데 되게 슬픈거 ,Politics
청담동  가짜뉴스  드러나도 김의겸  그날 돌아가도 똑같이 물을것 ,Politics
올해의  탑 헬리건  김용진 대위  최정예 되도록 최선 ,Politics
통일부  김여정  막말  담화에  도적이 매를 드는 식 매우 개탄 ,Politics
첼리스트  거짓말  진술에   김기현   김의겸 의원직 사퇴해야 ,Politics
청담동 술자리 헛발질 김의겸  돌아가도 같은 질문할 것 ,Politics
신원식  김여정 막말  스스로 천박성 전 세계에 광고 ,Politics
 김기현 새미래 에 국민의힘 당권주자 집결 나경원  모두 하나 돼야 ,Politics
     술자리 의혹 거짓으로 드러나  김의겸 사퇴해야 ,Politics
 속보  김의겸  청담동 술자리  가짜뉴스  논란에  다시 그날로 되돌아간다 해도  ,Politics
김의겸  청담동 술자리  거짓말  진술에도  돌아가도 같은 질문     에 유감,Politics
김의겸   술자리 거짓말  진술에도  그날로 돌아가도 같은 질문할 것 ,Politics
나경원   고딩엄마   슈퍼맨    저출산 극복에 좋은 프로그램 ,Politics
 풍계리  번 갱도  여전히 작업중    핵잠수함     로 압박,Politics
유가족   대통령에게 행정부 수반으로서 진심어린 사과 원해 ,Politics
김의겸   술자리 제보자 거짓말 진술 에   에 심심한 유감 ,Politics
  대통령 등 관련된 분들께 심심한 유감  김의겸  청담동술자리 의혹 사과,Politics
 예산  조 줄고   예산  조 늘고     조 감세도  뇌관      조 예산전쟁 ,Politics
 단독  술자리 물증 안냈다  첼리스트  남친 공익신고 안될듯,Politics
성일종   패륜예산  이재명에   대표가  패륜 이란 말 쓰면 안돼 ,Politics
국방부  김여정  막말  담화에  동의할 사람 아무도 없어 ,Politics
역대 민선 제주지사 선거법과 악연 줄줄이 법정에 서,Politics
툭하면 보류 밀실로 넘어가는 예산심사,Politics
 속보 통일부  김여정에  도적이 매를 드는 식   국가원수에 저급한 막말 개탄 ,Politics
남남갈등 반정부투쟁 선동 김여정    천치바보  막말,Politics
김종민  당 차원에서 이재명 보호하면  제  조국사태  온다 ,Politics
김여정    저 천치바보  통일부  저급한 막말  매우 개탄 ,Politics
   한동훈 청담 술자리 는 거짓말  김의겸  심심한 유감     의원직 사퇴를 ,Politics
북한  가상화폐 탈취해 미사일 개발 마르지 않는 돈줄로 거침없이 도발,Politics
김기현 모임에   명 성황   연사  나경원  정권교체 완성은 총선 ,Politics
김의겸  청담동 술자리 제보자  거짓말  경찰 진술 사실이라면    등에 심심한 유감 ,Politics
   첼리스트  남친 속이려 거짓말    김의겸  대국민사과 사퇴 해임 촉구 ,Politics
민주   인사  줄수사  맹비난 일각서  단결 대응 불편  지적도,Politics
연평도 포격전   주년   대통령 메시지 안 냈다,Politics
국힘의 반격  의원직 사퇴하라     김의겸  심심한 유감 ,Politics
청계광장에 가면   운전기사 없는 자율주행버스 탄다,Politics
김기현 나경원 안철수 당권주자 한자리에  여당 힘 모을때 ,Politics
   세면 돌아가실 나이  국힘 인천시의원 망언 폭탄,Politics
조응천  민주당이 직접  정진상 김용 관련  대응하는 것 굉장히 불편 ,Politics
유인태  이재명 태도에  의원들 불만 유동규 중용 사과해야 ,Politics
 화생방부대  더블 드래건  한국 순환배치   동맹 지원 ,Politics
김재원이 바라본  김건희 사진 조명 의혹 의 진짜 의도는 ,Politics
첼리스트    동거인 속이려 거짓말   가짜뉴스 논란  더탐사   룸바게이트  영상 버젓이,Politics
박진  빈 살만과 부산엑스포 빅딜 설 에  사실 아냐 ,Politics
나경원  동거 미혼모 아이도 차별 안 받고 태어나게 해야 ,Politics
     미사일방어팀 부국장  북  정상각도로      시험발사할 것 ,Politics
비명계     방탄정당  프레임 씌우는 중  조국 사태 되풀이 말아야 ,Politics
 비명  조응천  이재명 또 압박  최측근 구속에 유감 표명해야       도 했다 ,Politics
강북구의원  서울신문 향해  정상적 언론인들 얼굴에 먹칠 그만하라 ,Politics
 년전  주호영 배은망덕 이라던    국조합의  주호영 중후한 경륜 덕  찬사,Politics
이재명 자택  억대 현금  출처 의혹에   민주  검찰    명예훼손 위한 악의적 주장 ,Politics
 이태원 참사  보고서 삭제 의혹   서울청 정보부장 소환,Politics
 영공방위  최고방공무기통제사  골든아이  김상훈 천호정 준위,Politics
김여정    천치바보  막말    도 넘은 남남갈등 반정부투쟁 선동 종합 ,Politics
 청담동 술자리 의혹  첼리스트  전 남친 속이려고 거짓말 ,Politics
이인제  화물연대 총파업 맹폭  대명천지에 일개 노조가 감히 국민에 도전한다면  ,Politics
윤핵관은 없었다 흔들리는 주호영 리더십,Politics
김기현 공부모임에   당권주자 총출동 나경원  모두가 하나 돼야 ,Politics
유인태   대통령  이재명 싫어서 만남 피한다고 들어 ,Politics
김여정  윤 겨냥  바보천치 보고만 있나  반정부 선동,Politics
    청담동 술자리  거짓말로 드러나 김의겸  의원직 사퇴해야 ,Politics
거세지는 비명계 압박  이재명 유감 표명하라   제 의 조국사태 올 수도 ,Politics
조응천  이재명  노무현 전 대통령처럼 유감 표명해야 ,Politics
 자식 눈물은 자기가 닦게 해야  오영석 박사 별세,Politics
유인태  유동규 등용한 사람 누구냐 이재명 사과해야 ,Politics
  김여정  정부  독자제재 검토 에  서울 직접 타격  위협 맹비난,Politics
정진석  화물연대 총파업  사실상  정권 퇴진  운동 ,Politics
윤 대통령 집무실 문 전 대통령 사저      내 집회금지법 소위 통과,Politics
유인태  이재명 태도에 의원들 불만  유동규 등용 사과해야 ,Politics
 김종민  민주당  이재명 방탄때는 조국사태 재연  경고,Politics
유인태     멘토 조언에도  이재명 싫다 면서 안 만나 ,Politics
친문 김종민    목표  민주당 방탄정당으로 만드는 것 ,Politics
 서울 과녁  위협에    천치바보  막말 김여정 발끈한 배경,Politics
나경원  정권교체 완성은 총선 승리  한자리 모인   당권 주자들 종합 ,Politics
 한동훈 선대위  구도로 민주당 심판 총선 만드나,Politics
 핵잠수함   도발 잇따랐던 이달 초  근해서 작전 수행,Politics
김여정  독자 대북제재 맹비난 윤 대통령 향해 막말,Politics
 최강시사  이소영  검찰  차라리 이재명 빨리 소환 조사하라     정미경  이재명  검찰 소환에 안 응할 것 ,Politics
 뉴스킹  서영교  국조 범위  경호처 법무부  제외에  재협상 통해 포함시켜야 ,Politics
 김혜경 비서  이재명 자택서 억대 현금 들고나와 ,Politics
   한동훈 청담동 술자리  없었다 첼리스트  남친 속이려 거짓말 ,Politics
   화물연대 총파업에  사실상 정권퇴진 운동 즉각 접어야 ,Politics
김여정  또   실명비판 핵무력완성 선언  주년     중대 도발 하나,Politics
야당  패륜예산  비판에 성일종   대표가 패륜이란 말 쓰면 안돼 ,Politics
       부국장      정상각도 로      시험발사할 가능성 높아 ,Politics
 친절한 대기자 경찰  이상민 장관 수사 제대로 할 수 있을까 ,Politics
조응천     안희정 구속때 절절히 유감 표명 이재명도 해라 ,Politics
김기현  술자리 거짓말 흑석거사 김의겸 사퇴해야 ,Politics
유인태      이재명 만나라  원로 조언에  인간 자체가 싫다 고 ,Politics
 당내 그런 움직임 없다  이재명 조기퇴진 가능성 일축한 조응천,Politics
   반정부 투쟁 선동까지  김여정 막말 에 담긴 뜻은,Politics
미 핵추진 잠수함 위치 이례적 공개  북에 경고장,Politics
 청담동 술자리  결국 거짓말   의혹 제기 김의겸 측 답변은 ,Politics
조응천  김용 정진상 당직 사의에  편법으로 해소한 것 ,Politics
유인태  유동규 중용한 사람 누구냐 이재명 사과해야 ,Politics
조경태       축구 국가대항전서  우리 선수 반칙  까발린 셈 ,Politics
 뉴스킹     시간 업무에 월    만 원    화물연대가 두 번째 총파업에 나선 이유,Politics
육군      내년부터 도태  대체전력이 없다,Politics
 토마호크    발   오하이오급 핵잠수함  오키나와 기항 공개,Politics
조응천  이재명  억 천 현금보유  구린 돈 아닐 것  수사 봐야 ,Politics
금태섭    죽창가   은 쓰레빠 사소한 것에 목숨 ,Politics
유인태     멘토 조언에도 불구  이재명 싫다 며 안 만나 ,Politics
 정권 반대투쟁  선동에  서울이 과녁  위협도 막나가는 김여정,Politics
이낙연 귀국   유인태  이재명 구속 고사 지내나   조응천  언론 클릭 장사 ,Politics
 왜 제네시스 아닌 벤츠 타셨나   질의에 대통령실      개최국 제공 방탄차량 특정구간서만 이용 ,Politics
정진석    김여정  서울 과녁  비난에     왜 항변하지 않나 ,Politics
 최강시사  장동혁  이태원 국조 예산안  처리 늦으면 조사기간도 줄어들 것 ,Politics
  김기현  거짓말 입에 달고 사는 김의겸 즉각 사퇴해야 ,Politics
유인태  유동규 중용한 사람 누군가 이재명   죄송하다  해야 ,Politics
 비명  조응천  최측근 구속 이재명에  입장 표명 해야       도 했어 ,Politics
조응천  이재명  정치적 책임에 유감 표명해야 사퇴 전제 아냐 ,Politics
청담동 술자리 첼리스트  남친 속이려 거짓말했다 ,Politics
김여정    천치바보   해먹을 땐 서울 과녁 아니었다 ,Politics
 청담동 술자리 의혹  첼리스트  다 거짓말이었다 전 남친 속이려 ,Politics
청담동 술자리는  거짓  김기현  김의겸 직격   생사람  잡는 일에만 골몰  의원직 사퇴하라 ,Politics
대선 경선 앞두고  이재명 자택  억    만원 현금  출처 의혹에 민주    악의적 주장 ,Politics
 정치쇼  장예찬  장경태 고발이  호  참여정부도 한나라당 의원 고소했다 ,Politics
 전문 김여정  윤석열 천치 국민은 왜 보고만 있나 ,Politics
이재명 자택  억대 현금  출처 의혹에    민주당  악의적 주장 ,Politics
김여정  문재인 땐 서울이 과녁 아니었다    윤 대통령엔  천치바보 ,Politics
 윤석열 인간 자체가 싫다 는 김여정  이번엔  윤석열 천치 바보  원색적 비난,Politics
이원욱        서 벤츠 사랑  대통령실  제네시스     탔다 ,Politics
 뉴스라이더  자신감 어디서   기자 예의 물었더니   박수현이 전한   반응은 ,Politics
  김종민  민주  이재명 방탄 땐 제  조국사태 올 수도 ,Politics
조응천  이재명 유감 표명해야            도 했다 ,Politics
 당권주자 다 모였네     새미래 에 모습 드러낸 김기현 안철수 나경원,Politics
 뉴스라이더  또 의혹 제기 또 반박   민주당    대통령실 적대적 대치,Politics
  김여정  문재인 때는 서울이 과녁 아냐 윤석열 천치 ,Politics
도 넘은 김여정 막말 비난 담화  윤석열 저 천치바보들 ,Politics
김여정  남남갈등 조장  국민은 윤석열 천치바보들 왜 보고만 있나 ,Politics
집권 여당  노정관계  시험대   답 정해진 정치파업 ,Politics
김종민  민주당  이재명 방탄정당 되면 국민신뢰 잃어 ,Politics
유승민 때린 조경태  배신자 프레임 왜 생겼는지 돌아봐야 ,Politics
김여정   땐 적어도 서울이 과녁 아니었다   엔  천치바보 ,Politics
  향해 막말 쏟아낸 김여정  천치바보 왜 보고만 있나 ,Politics
  구속 수사에 김용 민주당직 사퇴   사의 표명한 정진상은 구속적부심 후 판단,Politics
      한동훈 청담동 술자리 의혹  제기 김의겸에  거짓말 자판기 ,Politics
청담동 술자리 없었다 첼리스트  전 남친 속이려 거짓말 진술,Politics
 영상  우루과이전 보기 전에 꼭 알아야 할 사실   최초 도 많고  논란 도 많은 카타르 월드컵  정치왜그래  ,Politics
   체제 위협 두렵나 손흥민     정국 이어 태극기도 가렸다,Politics
김기현  민주당   거짓말쟁이 양치기 지도부 김의겸  즉각 징계해야 ,Politics
김여정  윤에 막말 비난  천치 바보를 왜 보고만 있나 ,Politics
 대장동 핵심인물  김만배   년 만에 출소   법률적 판단 떠나 죄송 ,Politics
배종찬    지지율 막는 세 가지  김건희 이상민      한판승부 ,Politics
빈 살만에 머스크까지  대통령  슈퍼리치  만나는 이유는 ,Politics
    제네시스보다 벤츠 좋아한다   대통령실 해명은,Politics
김여정    천치바보  땐 적어도 서울이 과녁은 아녔어 ,Politics
조경태  유승민 직격  자기 정치 너무 심해  배신자 프레임 왜 생겼겠나 ,Politics
 김여정  이틀만에 또 담화   정부에  천치바보  맹비난 종합 ,Politics
이재명  언론탄압  주장하자     예의없으니 인터뷰 커트   사건 꺼냈다,Politics
권성동  이재명 겨냥   그분 은 종합 범죄인이자 살아있는 형법 교과서 ,Politics
대통령실     서   현대차 아닌 벤츠 이용  사실 아냐 ,Politics
김종민  민주당  이재명 방탄정당 되면 국민신뢰 잃는다  한판승부 ,Politics
국민 절반  정진상 구속은 정치적 수사 이재명  검찰 조작  발언에 공감   데일리안 여론조사 ,Politics
국민 과반  이재명 사법리스크 있다  정권퇴진 집회 의원 참여엔  공감   데일리안 여론조사 ,Politics
도어스테핑에 슬리퍼  부적절            민영화엔  반대         데일리안 여론조사 ,Politics
  김여정  서울 과녁  언급하며 위협   대통령에는  천치바보  종합 ,Politics
김여정  윤석열 천치 바보들   문재인 땐 서울이 과녁 아니었다 ,Politics
케냐 영부인  한국 급속 발전 비결  묻자   김건희 여사  새마을 운동 ,Politics
김여정  문재인 땐 적어도 서울이 과녁은 아니었어  종합 ,Politics
김여정  윤석열 저 천치바보들이 만들어가는 위태로운 상황을 왜 보고만 있나 ,Politics
김여정    정부에 막말  천치바보들 왜 보고만 있나 ,Politics
김여정     천치바보    국민들 왜 보고만 있나  막말,Politics
김여정  윤 대통령에 막말 위협   저 천치바보 왜 두고보나   문재인이 앉아 해먹을 때는 서울은 과녁 아니었다 ,Politics
김기현  장경태  대국민 사기극 벼락출세에 제정신 잃어 ,Politics
 개월 만에 입 연 김여정   대통령에  천치바보  막말,Politics
 최장수  차석용   생건 회장 물러나 후임엔 이정애 부사장,Economic
이 총재    대 물가  변동성 커 대응 필요  베이비스텝 결정 이유 상보 ,Economic
이창용  과도한 한미금리 격차 바람직 않지만 국내요인 우선 ,Economic
한은 총재  최종금리      전망   금리인하 논의는 시기상조 ,Economic
화물연대 총파업 전국서 동시 출정식 첫날     참여,Economic
 연속 금리인상해       자금경색 우려에  베이비스텝  종합 ,Economic
고령화 쓰나미          년 국가채무비율      넘을 수도 ,Economic
레고랜드 자금경색에 금통위 선택은  베이비스텝 ,Economic
구조조정에 떠는 증권가   감원 칼바람 본격화,Economic
     국가채무비율 낮추려면 소득세 부가세 실효세율    씩 올려야 ,Economic
 배달원 못구하고  건강앱 먹통  확진자 급증에   방역  멘붕 ,Economic
  생건 차석용 부회장    년만에 퇴진  그룹 첫  사장 나왔다,Economic
고령화 가속   복지 재원  감당 안될수도  증세 필요하다 ,Economic
화물연대  만여명 결국 운전대 놨다 철강 시멘트 줄줄이 발 묶이나,Economic
 부릉  메쉬코리아  일부 주주 매각 반대에 법정관리 추진     일 결정 ,Economic
한은 총재  금리인하 논의 시기상조 최종금리           예상 ,Economic
정주영 열정 그대로    년 만에  포니 쿠페  되살린다,Economic
또 올렸지만 보폭 줄인 금리 자본유출   자금경색 사이 고육책,Economic
  화장품에 밀려난  설화수 후  광군제 매출   위권 밖으로,Economic
 내보험 찾아줌  고마워  지난해 보험금    조 주인 찾아갔다,Economic
 일문일답 원희룡  화물연대  민주당안 처리 요구하며    구성 불참 ,Economic
원희룡    를 통한 논의 거부한 것은 화물연대   업무개시명령 내릴 준비 됐다 ,Economic
         년 국가채무비율      부가세 소득세 올려야 ,Economic
 분기 임금 일자리     만개   증가폭 둔화 절반은   대 이상,Economic
 르포    개월 복구 미완했지만    년만 폭우에 안전 지켰다   정상화 속도 내는 포항제철소  ,Economic
미      의사록  금리인상 속도조절  최종 금리는 예상보다 더 높을 듯,Economic
 초동시각 물 탄 콘크리트 현장검사와 불신의 비용,Economic
고된 장사에 닳은 손가락  지문인식 안돼  고통,Economic
 분기 일자리     만개 돌파 늘어난   만개 중       대 이상,Economic
임금근로 일자리 사상 첫     만개 넘어   만개  절반은   대 이상,Economic
원희룡  누가  무슨 자격으로 막나       우회없다 ,Economic
신차 대기만  년인데 개소세 인하 연장 한다  안한다 ,Economic
연내 압연라인   개중   개 복구  포스코  담금질 ,Economic
공시가격 현실화 사실상 폐기 세금 얼마나 줄어드나 ,Economic
     후폭풍  본격화 고팍스 원리금 지급 추가 지연,Economic
 서학개미는 지금  나스닥 상승    하락 기대 팽팽  배 레버리지  풀베팅 ,Economic
워런 버핏    비야디 주식 또 매각 지분 축소,Economic
고팍스  결국 코인예치 서비스  고파이  출금 전면중단 사태,Economic
 현장   담배연기 없는 미래  꿈꾼다는  필립모리스    양산공장 가보니,Economic
 화물연대 파업 피해 이번엔 더 심각  산업계 비상대책 가동 종합 ,Economic
전성기 이끈 미켈레  구찌와 결별    년 특별한 여정 끝내 ,Economic
   파산에 고팍스 결국 고파이 출금 지연  주내 정상화할 것,Economic
이재용 회장  상무 시절 데뷔 무대       년만에 다시 찾나,Economic
  내부서도  중진국 함정 빠질수도 경제 정상궤도 되돌려야 ,Economic
 금리인상  증시 단기영향 제한적 자금시장 안정은 시간걸려 ,Economic
원희룡  화물연대  명분 없는 이기적 행동 운송개시 명령 발동 준비 착수 ,Economic
원희룡 장관  화물연대 총파업에  업무개시명령  등 강경 대응 예고,Economic
쏘카 보험 카드 등   개 규제 푼다 대형마트 의무휴업은 제외,Economic
화물연대 총파업 돌입 둔춘 주공 내일부터 공사중단 위기,Economic
  중공업  해군 고속정  척 수주,Economic
야당 반대로 종부세 못 내려 재산세 인하  플랜   가동,Economic
한은  베이비 스텝 도     조 가계빚엔  이자폭탄 ,Economic
정부  화물연대 파업  심각해지면 업무개시명령 발동 ,Economic
원희룡  화물연대 정당성 없다 운송개시명령 발동 준비 ,Economic
 최대 곡창지대  전쟁 길어지자 뉴욕증시 농기계  위 기업에 쏠린 눈,Economic
  중앙은행    일부터 시장안정 위해 사들였던 국채 매각,Economic
    러시아 원유 가격상한제 합의 실패 협상 난항,Economic
아모레퍼시픽  한한령 해제 수혜 받나   증권가  분기 반등 기대론  솔솔 ,Economic
한국은행  기준금리        인상      로 마무리,Economic
주식서 탈출 러시   자산시장 판도 변화,Economic
이창용  최종금리 금통위원 의견 제각각      대다수 ,Economic
한은 총재  금리인하 논의 시기상조 물가 목표수준 수렴해야 ,Economic
금감원장  금리인상  예상에 부합 자금쏠림 감독 강화 ,Economic
연이은 금리 인상  부메랑    돈 줄 마른 기업  고난의 행군,Economic
 태풍 매미 때도 안한 고로 중지를   포스코가 직접 밝힌  힌남노 그날 ,Economic
울산서도 화물연대 파업 출정식 현대차  탁송에 직원 투입,Economic
 현장연결  한은총재  금통위원 전원 일치로        인상 결정 ,Economic
 속보 이창용  부동산 관련      쏠림 현상 계속 금리 급등 과도 ,Economic
  생건  첫     로 분위기 쇄신 차석용 부회장  후진 위해 용퇴  종합 ,Economic
 속보  이창용  최종금리 전망 연     가 가장 많아 ,Economic
버크셔        주식 추가 매각 버핏은  조원 기부,Economic
  생활건강   년 이끈  차석용 매직  최장수     내려놓다,Economic
화물연대 파업에 제철소 철강재 출하 중단   포스코 현대제철  만  이상,Economic
내년 경제성장률   대 추락   공식화한 경기침체,Economic
한은  사상 첫  차례 금리 인상  베이비스텝  속도 줄였지만 이자 부담 ,Economic
대전 세종    에 승객 태운 자율주행 버스 달린다,Economic
 대형마트 새벽 배송  등 쟁점규제 쏙 빠진 공정위 규제개혁,Economic
서울시  반지하 지상층 이주 시  년간 월   만원 지원,Economic
이복현  기준금리 인상에  자금쏠림 감독 강화할 것 ,Economic
 숨만 쉬고 살아도 남는 게 없네    생활비 아껴주는 신용카드  눈길 ,Economic
     화학부문 인적분할 추진    기업가치 재부각 기회될 것 ,Economic
화물연대 파업에 철강 운송차질 현대제철  천톤 출하 못해,Economic
봇물 터진       대형사로 더 쏠렸다,Economic
한한령 해제 기대감에 관련주 줄줄이 급등   허와 실은 ,Economic
보험 카드 사은품 늘어난다 마트 새벽배송 허용은 보류,Economic
 경쟁사도 시민도  수해 복구  합심   정상화 속도 내는 포항제철소  ,Economic
가뭄 전쟁  식량위기 악화에   각국  유전자 변형 작물  허용 움직임,Economic
채권금리  금통위 이후 하락세 주식시장은  무덤덤 ,Economic
  카타르 월드컵 첫 경기 거리 응원 수혜주는  잠잠 ,Economic
카셰어링 영업구역 제한 풀린다  편도 이동 후 원하는 곳에 반납 ,Economic
정부  화물연대 집단운송거부  정당성 명분 없는 이기적 행동 ,Economic
  번째 기준금리 인상  한은 총재  물가 목표 수렴 확신할 때 금리 인하 논의 ,Economic
증권가 구조조정 칼바람   다올투자증권  정규직 희망퇴직,Economic
 르포 필립모리스  심장 을 가다  만년  등 위기  깰 비책은,Economic
백화점  사  크리스마스 장식  철통 보안  유지  마침내 모두 공개,Economic
 현장연결  정부  화물연대 운송거부 철회 촉구 담화문 발표,Economic
  전자 인사에 쏠리는 눈  변화보다 안정  이어질까,Economic
 단독   생건  영유아 식품사업 접는다     년 만에 분유 철수,Economic
  화물연대 파업에 정부가 합의안 파기 안전운임 대상 확대법 추진 ,Economic
기아차 근로자들  통상임금  차 소송도 승소,Economic
화물연대   개 지부 파업 출정식   거점 항만 등 물류대란 비상,Economic
 한은 베이비스텝엔 안도 부동산시장 반전은 어려워 ,Economic
다올   희망퇴직 단행 경영 상무급 임원들 사직서 제출,Economic
차량 직접 운전 탁송 야드 트랙터 도로 운행 등 비상수송대책,Economic
연말 여의도 칼바람 시작됐나 다올투자증권  정규직 희망퇴직 진행,Economic
  건설   장위자이 레디언트  분양 중도금 이자 후불제,Economic
정부  운송방해 행위  끝까지 추적 무관용 대응  화물연대 파업 담화문,Economic
 주식 초고수는 지금  한화   화학과 파트너쉽 고려아연 성장성 부각,Economic
기준금리 올랐는데 은행들 예적금 금리 인상  눈치게임 ,Economic
 블프 시즌  해외직구족 들썩,Economic
부산 오시리아   자율차 시범운행지구  됐다,Economic
 속보  이창용         금리인상 결정 금통위원 만장일치 ,Economic
 응원엔 치맥이지  치킨업계  월드컵  경기 앞두고 판매 총력전,Economic
 현장영상   한은  기준금리        인상    불확실성 여전 ,Economic
서민연료 등유 휘발유보다 비싸다  당     원대,Economic
   미국산 차 보조금지원 언급조차 안했다,Economic
차석용 부회장 용퇴     생건  그룹 첫 여성 사장,Economic
 정부     년 원전 비중     확정 시민단체 반발 예고,Economic
태우지 않는 담배  어떻게 만들어지나 필립모리스 양산공장 가보니  르포 ,Economic
 르포  포스코는 포기하지 않았다  수해현장 가보니 ,Economic
 종목속으로  메리츠     뭉치니 살았다,Economic
 팀장시각  화물연대 파업이 침체를 부추기는 이유,Economic
메쉬코리아  대출만기 늘려주면 정상화 가능 ,Economic
이정애    그룹 첫 여성 사장 차석용   생활건강 부회장  용퇴   종합 ,Economic
 지금은 드려도 내년엔 안돼요  비닐봉지 금지 첫날 곳곳 혼란,Economic
  이르면   일 지준율        인하 발표   금리축소 유동성 동시 해결,Economic
포스코  압연라인  곳 복구   곳도 곧 가동 ,Economic
삼성    테일러 부지 선정  년     나노  구축 본격화,Economic
원희룡  화물연대 총파업  심각할 경우  업무개시명령  발동 검토 ,Economic
정부  파업 미참여 노동자 방해 협박 시 끝까지 추적 엄벌 ,Economic
조제용 감기약 가격   원 최대   원   업계  아쉽다 ,Economic
기준금리        인상        인당 이자부담    만원 늘어난다,Economic
카바나  경영진 대량 주식 매수   바닥 신호   영상 ,Economic
서울시  반지하 이주 본격화 이주시 월   만원 지원,Economic
원희룡  화물연대에 운송개시명령 발동 준비 착수 ,Economic
 전문  한은  고물가에 기준금리 인상 지속    대 성장세 둔화 ,Economic
여의도 증권가 구조조정  칼바람     다올투자증권 희망퇴직 단행,Economic
올해 마지막 금통위 통방문 문구 어떻게 달라졌나,Economic
   첫 여성     탄생 화장품  후   조 매출 이끈 이정애,Economic
한은  성장률 낮아지나 금리인상 당분간 지속 ,Economic
아듀  구찌 알렉산더 미켈레  후임은 마티유   명품톡  ,Economic
대영포장 태림포장 등 제지주 동반 급등   일회용품 금지 수혜 부각,Economic
원희룡  운송개시명령 준비 착수 곧 국무회의 상정할 것 ,Economic
 문답 서울시 반지하 대책  전세로 옮겨도 월   만원 지원한다,Economic
서울시  반지하 가구 지상층 이주시  년간 월   만원 지원,Economic
명문대 인접해  대세권  누리는  빌리브 디 에이블 ,Economic
반지하서 이사하면  년간 월세   만원 준다 자격조건은 ,Economic
 크리스마스 한달 앞  백화점 연말 장식 경쟁   사  색 ,Economic
한은   연속 기준금리 인상 속도는 베이비스텝으로 줄여 종합 보 ,Economic
정부  화물연대 업무개시명령 발동 복귀 거부엔 법적조치 불사 ,Economic
금융당국  외화채권 발행 자제   자금조달 계획 보고  압박,Economic
정부  화물연대 총파업에  운송개시명령  강경대응 시사,Economic
글로벌    낸드 시장     위축   하이닉스 점유율 한 계단 밀려,Economic
 성장세 둔화 약화  언급 한은 금통위  금리인상 속도조절 시사,Economic
 좀 불안한데     예금   조원 빼내간 슈퍼리치들 왜,Economic
폭탄세일 안하면 안사고   무권리 점포 쏟아지고     글로벌 경기침체 공식화 ,Economic
경기침체에 고물가     대 성장률  내년 경기한파 온다,Economic
대기업 직원  명 중  명  현재 구조조정 진행중 ,Economic
자금 블랙홀 한전 이달 회사채 발행액 사상최대,Economic
이복현 금감원장  금리 인상에 따른 리스크 대비태세 갖춰야  주문,Economic
 혹한기 코앞인데  화물연대 총파업에 건설업계  초긴장 ,Economic
한은  베이비스텝 밟았지만  물가 잡을 때까지 금리 올릴 것 ,Economic
 내년 경제한파 온다  한은 내년 성장률       물가      전망,Economic
신당 곡식창고  제 성수동 꿈  익어간다,Economic
재고 쌓이고 생산 멈추고   산업계   월 악몽 재연될라 ,Economic
 클릭  종목  엔터 미디어  내년 키워드는 중국 리오프닝 일제히  비중확대  ,Economic
 르포     일간    만명 사투  침수피해 포항제철소 살렸다,Economic
 금리 속도 조절 에 반응한 코스피  추세적 상승은 힘들 것 ,Economic
 전자 피부 가 뭐지  올해   대 나노기술 첫번째 자리에,Economic
 현장  힌남노 침수 포항제철  내년  월 정상화 가능할 듯,Economic
이복현  금리인상 시장예상에 부합하나 리스크 대비해야 ,Economic
내년  경기 한파  온다 한국 경제   대 성장 그칠 듯,Economic
부산 오시리아 전북 익산 자율차 시범운행지구 신규 지정,Economic
 불량률   에 가깝다  안전하고 엄격한 공정 생산시설 자랑하는  한국필립모리스 양산공장 ,Economic
  중공업  해군 신형 고속정  척 수주  고속정 누적수주   척 돌파,Economic
 르포 분 단위로 제품 이상 유무 점검   비연소 담배  위 탈환 전초기지,Economic
 제철소 다시 지어라  비관 속 흘린 구슬땀 포스코    개월의 기적  이룰까,Economic
 르포  절망 속에 희망을 보았다   침수   일  복구에 전력 중인 포스코,Economic
고추건조기 핸드드라이어까지 총동원 포스코  압연공장   곳 연내 재가동 ,Economic
안심전환대출 요건 완화에도  냉랭  흥행 위해 영끌족도 품는다,Economic
 르포   비연소 담배 생산  허브    스마트공정 도입으로 균일 품일 유지 ,Economic
건설사 현금확보 대우 리조트 팔고  롯데 사옥 담보 잡히고,Economic
 경제불황 이제 시작   내년 경제성장률      전망 ,Economic
철도노조 준법투쟁 시작 운행 지연 시작,Economic
 최종은        더 오른다   베이비 스텝 에도 방심 말라는 전문가들,Economic
금통위  성장률 낮아져도 물가 오름세 지속 당분간 금리인상 ,Economic
 비트코인 지금   금리인상 속도조절론에 소폭 상승 투심은  꽁꽁 ,Economic
서민연료 등유  당  천   원대까지 휘발유와 가격역전도,Economic
부산 익산서도 승객 태운 자율주행 버스 달린다,Economic
  년간     자리지킨   생활건강 차석용 용퇴,Economic
 르포 아이코스 일루마  테리아  생산 공장 가보니  사람 대신 로봇 담배향만 ,Economic
 현장   삼성  랩은 가장 특별하다  스타트업이 만족하는 이유,Economic
 르포     만  흙탕물로 찼던 포항제철소에 다시 쇳물 열기,Economic
 든든한 삼성 파트너 덕에 매출   배 이상 늘었죠 ,Economic
이재용의 스타트업 동행 삼성   랩 아웃사이드  현장 가보니,Economic
매일  만    명 투입 포항제철소  복구 마무리 다 왔다 ,Economic
 르포   담배연기 없는 미래 구현  필립모리스 양산공장에 가다,Economic
화물연대  의왕   서 총파업 출정식  안전운임 일몰제 폐지해야 ,Economic
 배수로 완전 침수에도 인명 사고 전무   정상화 속도 내는 포항제철소  ,Economic
카뱅 출신 국회의원이 바라본 카카오 거버넌스는 ,Economic
수사권 없애놓고  이태원 국정조사  대상  대검  황당무계  격앙,Social
군산항     여명  파업출정식  경찰 범칙금 부과에 노조원 거칠게 항의,Social
경찰   사과상자 의혹  김미경 은평구청장 불송치,Social
청계천 일대 달리는 자율주행버스    일부터 무료 탑승 가능  뉴시스    ,Social
 안전운임 일몰제 폐지 차종 확대  광주 전남 화물연대     여명 무기한 파업 돌입,Social
 조두순  안산 떠나라  안산 선부동 주민들  반발 기자회견,Social
    억 피해  제주 외제차 수출사기 딜러 구속  일당도 속여 ,Social
김만배 구속만료로 출소 정진상 석방 여부 오후 결정,Social
경찰 윗선 수사 본격화 박성민 전 서울청 정보부장 첫 소환,Social
    때린 대통령실  전세계 언론인들의 비판 대상됐다,Social
 실외기에 비둘기 밥 두는 아랫집  털 날려 창문 못 연다 ,Social
 대장동  김만배 석방 이재명 수사 시동,Social
 가백신 이상사례 신고  천건당    건 단가백신보다 낮아,Social
오늘부터 백신 접종 확진  개월 지나면  가백신 접종 가능,Social
아파트 실외기서 비둘기 밥 주는 이웃 수십마리  푸드덕  경악 영상 ,Social
철도노조 준법 투쟁 첫날 무궁화호 새마을호 일부 운행 중지 지연 종합 ,Social
로또  등 한꺼번에  장 당첨  러키 칠곡  포즈 연관 ,Social
검찰   뇌물수수 혐의  노웅래 의원 이메일 포렌식 착수,Social
조주빈 강훈  강제추행  유죄 판결로 징역  개월 추가,Social
  이태원 참사  국정조사  기간 짧고 대통령 경호처도 빠졌다 ,Social
특수본  보고서 삭제  전 서울청 정보부장 피의자 신분 조사,Social
화물연대 총파업 돌입 둔춘 주공 내일부터 공사 중단 위기,Social
검찰   계열사 부당지원  한국타이어 압색 조현범 회장실 포함 종합 ,Social
검찰   뇌물 혐의  노웅래 사무실 추가 압수수색,Social
 강제추행  추가 기소 조주빈   심 징역  개월    이미 징역   년 고려 ,Social
지난주 촛불집회  경찰측   만 천  주최측    만     검증해보니  오마이팩트 ,Social
 투기 의혹  서경석 전북개발공사 사장 사의  짐 싸서 서울행 ,Social
 속보      뇌물 혐의  노웅래 국회 사무실 추가 압수수색,Social
멈춰버린 물류  바닷길도 스톱 화물파업에 전국  몸살  종합 ,Social
냉장 닭고기 냉동해 유통기한  년 늘린 업체 대법  허위표시 ,Social
지난해   대    대  비만 늘었다   대 남성은    가 비만,Social
 그렇게 찌르면 안죽어  극단선택 부추긴 경찰 때린   대   법원  무죄,Social
소설    에 개나리가  계절의  역주행 ,Social
 서해 피격  서훈 전 안보실장 검찰 소환,Social
 조두순 막겠다  세워 놓은 트럭 언제까지 주민들이 나서야 할까,Social
 천화동인  호 그분  언급 안했지만  김만배 입이  이재명 수사 변곡점 ,Social
 속보 검찰  이재명 계좌 추적 대장동 일당 연루 단서 확보 시도 정진상 김용 뒷돈 종착지 추적,Social
 아들 죽이겠다  흉기 들고 난동   대 싱글대디  이유는,Social
특수본    서울청 정보부장 피의자 조사 이임재 용산서장  차 조사,Social
경기도  화물연대 총파업에 위기경보  경계 로 격상,Social
코로나  에 증가한 비만 당뇨  년 지나도 회복 안돼,Social
대법  닭고기 신선육  냉동육 전환 유통 금지   유통기한 허위 ,Social
냉장육 냉동육 바꾸기 전 유통기한   개월로    허위 표시 ,Social
냉장닭 얼려서  냉동닭 으로 판매하면 위법     심 엇갈린 판결 대법은 ,Social
유령직원으로 고용보조금   억 착복  악덕업주 구속기소,Social
경실련  국회의원 임대업 신고   건 전부 통과 ,Social
화물연대 총파업에 전남 동부권 산업계  긴장 ,Social
화물연대 총파업 제천 단양 시멘트 업체 출하 임시중단,Social
 서 돌아온 유성룡 다이어리   이순신 전사  기록,Social
 양담소   일주일에 두세 번 쉬려고 무인텔 간다는 아내의 말 믿을 수 있을까요  ,Social
검찰   뇌물 혐의  노웅래 관련 국회 추가 압수수색,Social
 죽음 고통이 연료다  화물연대  전국 물류 거점서 총파업 돌입,Social
서울제일교회 탄압부터 납북까지 진실화해위   민간인 국가폭력  인정,Social
황교익  변명의 여지가 더탐사   청담동 술자리 의혹  거짓말 중계 사과해야 ,Social
화물연대 광주 전남     여명 총파업  안전운임 일몰제 폐지  종합 ,Social
 계열사 부당지원  조현범 한국타이어 회장실 등 압수수색 종합 ,Social
화물연대 총파업 전국 물류거점 곳곳서 운송차질 가시화,Social
검찰  이재명 계좌 쫓는다  대장동 일당  연루 단서 나올까,Social
박사방 조주빈 미성년자 강제추행  징역  개월  선고  다른 처벌 받은 점 고려 ,Social
컨테이너 물류난 현실화 우려   부산항 전역에 경찰 배치,Social
검찰  노웅래  뇌물 수수  의혹 관련 국회 본관 압수수색,Social
 최전방 떴다 던     진    월   일 연천 신병교육대로 입대,Social
부산 화물연대 부산신항서 출정식  안전운임제 일몰제 폐지 ,Social
 널 책임지고 싶다  후배에 문자폭탄 교사 시민단체  즉각 파면하라 ,Social
본격 총파업 돌입한 화물연대   오후부터 봉쇄 투쟁,Social
경찰   사과 박스    개  전달 의혹 은평구청장 불송치,Social
화물연대   개월만에 또 무기한 총파업  광양 평택항 봉쇄,Social
 청담동 술자리 의혹  첼리스트   거짓말했다  진술,Social
    숨지 말고 대답하라 던 황교익  첼리스트 거짓말 보도에  더탐사 사과해야 ,Social
전자파 안전 건축면적 부족 등 문제에도 데이터센터 허가한 용인시,Social
울산택시노조  택시 요금  서울 등 타 지역과 동일하게 적용해야 ,Social
    계열사 부당지원  한국타이어 회장실 등 압수수색,Social
 물류 멈춰 세상 바꾸자  화물연대    개 시도서 파업 출정식,Social
 계부 성범죄 알고도 묵인  극단적 선택 청주 여중생 친모 재판에,Social
검찰   뇌물 혐의  노웅래 국회 사무실 추가 압수수색,Social
 강제추행  조주빈   심 징역  개월    이미 처벌 받은 점 고려 ,Social
화물연대 대구 경북본부 구미서 파업 돌입  안전운임제 일몰제 폐지 ,Social
하차요구에 격분 집유 중 택시기사 경찰관 폭행   대  실형 ,Social
    계열사 부당지원  한국타이어 압수수색,Social
 이태원 참사  추가 피의자 조사 본격화 전 용산서    실장 서울청 정보부장 등 소환,Social
정부  화물연대 집단운송거부에 강력 대응     정당성 명분 없는 이기적 행동  화물연대 총파업 ,Social
 대장동 의혹 핵심  김만배 출소  법률적 판단 떠나 죄송 ,Social
 현장연결  화물연대  총파업  개시 원희룡  경제 혈관 막는 이기주의 ,Social
기아차  통상임금  차 소송도 패소          여명에    억 지급 ,Social
 서울제일교회 폭력 사태  보안사 개입 확인 진화위  국가 사과해야 ,Social
 정읍지역 교사가 동료에게 지속적 성적 괴롭힘 즉시 파면해야 ,Social
전북개발공사 사장 임명  주 만에 사직   혼선 책임론 불가피,Social
 목숨 걸겠다   달 만에 다시 거리로 나온 부산 화물노동자들,Social
계부 성폭행 알고도 묵인 극단선택 청주 여중생 친모 기소,Social
 정기상여금도 통상임금  기아차 노동자  차 소송  심도 승소,Social
 청주 여중생 투신사건  친모 아동복지법 위반혐의 기소,Social
       베이비스텝  보폭 좁혔지만   대출 이자 부담 여전,Social
검찰  국회 본관 압수수색  뇌물 혐의  노웅래 이메일 확보,Social
부산항 화물연대 파업  안전운임제 영구화  등 요구,Social
 속보 강원 초등학교   곳 중  곳   일 급식 파업,Social
검찰  한국타이어 압수수색   계열사 부당지원 혐의,Social
농가 전기료     올라   빚내서 농사 지을판 ,Social
용인  죽전데이터센터  갈등 일단락,Social
정말 이상했던 이상고온  끝이 보인다   일부터  급 겨울 ,Social
경찰   사과 상자    개  전달 의혹 김미경 은평구청장 불송치,Social
검찰  이재명 대표 계좌 추적 착수    자택 현금  출처도 의심,Social
엇갈리는  기동대 배치  요청 특수본 용산서장 상황실장 모두 재소환,Social
 정부  안전운임제 약속 이행하라  화물연대 서경지부 총파업 출정식,Social
정시냐 수시냐  끊이지 않는 시소게임   정시  누가 더 좋아할까 교육과 불평등  ,Social
부실수사 의혹  청주 여중생 사건  충북경찰 추가 수사 착수,Social
 안전운임제 일몰제 폐지하라  화물연대 전북본부 총파업 돌입,Social
김동연   허위사실 공표  등 혐의 잇달아 무혐의 처분,Social
이태원 참사  유족 공개요구  어쩔 건가 행안부  이례적 긴 침묵,Social
최문순 전 강원지사  입찰 방해 혐의  사건 중앙지검서 수사,Social
서울대 연구진실성위원회  윤성로 연구팀 인공지능 논문  표절  ,Social
 서해 공무원 피격  서훈 전 국가안보실장 검찰 소환,Social
개량백신 이상반응 신고  단가 백신의   분의   수준,Social
충북교사노조    일 공무직 파업 학생 학교 피해 최소화 대책 주문,Social
대낮에 시골 빈집만 골라  천만원 금품 훔친   대 구속영장,Social
결국 멈췄다 화물연대  요구 관철때까지 파업 ,Social
 속보 화물연대 강원지역본부 총파업 출정식,Social
국방부     남북  대화로 해결 에   의 원론적 이야기 ,Social
양대노총  노동시간 유연화에 노동자 대부분 부정적 ,Social
유산문제로 친누나 폭행한   대  살인미수로 현행범 체포,Social
기아차  통상임금 소송 서 노동자 또 승소     억 원 지급하라 ,Social
 숙소 같이 가서 술 마시자  연수 도중 가이드에 추태 부린 완주 이장들,Social
오늘부터 편의점 비닐봉투 식당 종이컵 못쓴다 일회용품 제한 강화,Social
 급식 대란 오나   경기지역 학교 현장 내일부터  총파업 ,Social
 봉사시간 제공  중고생 촛불 단체 경찰 수사  교육부 유감 ,Social
일당까지 속여 돈 챙겨  제주 최대 외제차 투자사기 차량 딜러 구속,Social
 화물연대 파업  광주시 전남도 비상수송대책 상황실 가동,Social
 조두순 안산 떠나라  안산 주민들 기자회견,Social
 수원 세 모녀  막기 위해 통신사 정보 연계하고 강제로 문 연다,Social
 일회용품 금지인데  종이 빨대 공급 차질  일부  안 지켜도 되지 않냐 ,Social
 청계천 자율주행버스  내일부터 다닌다 최대  명 무료탑승 종합 ,Social
인천서도 화물연대 총파업 출정식 조합원     명 동참,Social
 세 모녀 사건  더는 없도록 질병 채무 정보로 위기상황 파악,Social
 전남 일신방직 부지 개발  공공성 확보 가 최우선 과제 ,Social
  년 김치통 방치    개월 딸 시신  머리뼈에 구멍  학대여부 수사 ,Social
 청주 여중생 사건  친모 아동학대 혐의 기소,Social
진작에 이랬으면    안전에 만전  광화문광장 월드컵 응원에 서울시 등 준비 철저,Social
구미서 화물연대 총파업 출정식  조합원    여명 집결,Social
  생활건강 차석용 부회장   년만에 용퇴 후임에 이정애 사장,Social
최문순  리조트 매각 입찰 방해 혐의  중앙지검이 수사한다,Social
이승진 변호사의   세대가 알아야 할 법률스킬   ,Social
  억 넘는 회삿돈 횡령해 도박에 쓴 수자원공사 직원  항소심 징역   년,Social
 안전운임제 사수  광주 전남 화물연대 총파업 가세,Social
서울대 보라매 병원 노조 이틀째 파업 외래 진료 일부 차질,Social
 년간 방치됐던   개월 딸 시신에 머리뼈 구멍 발견 학대 정황 ,Social
우리가 꼭 알아야 할 위트컴 장군     턴투워드 위트컴,Social
오세훈  자율주행버스는  안전빵  정신 깬 과감한 도전  종합 ,Social
검찰  이재명 계좌 추적 대장동 일당 연루 단서 확보 시도,Social
전 서울청 정보부장 특수본 출석 보고서 삭제  윗선  수사 본격화,Social
   채    억원 규모  깡통주택 사기   무자본 갭투자    대 주범 구속,Social
특수본  오늘 이임재 재소환   서울청 정보부장도 피의자 소환,Social
김관영 전북지사   투기 의혹  전북개발공사 사장 사표 수리,Social
첼리스트   씨  청담동 술자리 거짓말  남자친구 속이려고 한 것 ,Social
여자 화장실 불법 촬영 고교생 입건  경찰  피해자 없지만 위법 ,Social
학비노조 파업에  달걀 대신 빵    일선 학교들 대체급식 마련 분주,Social
마음 급한 방역당국  감염취약현장 돌며 접종 독려   가백신 맞아달라 ,Social
검찰   오너  세 부당지원  혐의 한국타이어 등 압수수색  종합 ,Social
산단 브로커에     만원 뇌물받은 진천군 전 공무원 파면 정당,Social
 성범죄자 조두순  안산 떠나라  주민 여성단체 반발,Social
 단독 검찰  유동규 진술 부합하는 핵심 물증 다수 확보 ,Social
양대노총  근로자 대부분   정부 노동시간 정책 에 부정적 ,Social
국내 최대 성매매 사이트  밤의 전쟁  운영자 징역  년 선고,Social
광주 전남 물류  스톱  화물연대 노조원  천명 파업 참여,Social
검찰   청주 극단선택 여중생  사건 친모 기소 아동학대 혐의,Social
국내 최대 성매매사이트  밤의 전쟁  운영자  징역  년 선고 받아,Social
 음원료  원  이승기 측  거짓말로 정산 회피 막말   년 신뢰 무너져 ,Social
오늘   일 부터 백신 접종 간격   일로 단축 다음 달   일부터 개량백신만,Social
 스토킹 신고했다 고   딴  만나느냐 고 애인 폭행한   대,Social
  대 의붓딸   개월간 성폭행 등 성범죄 저지른   대 계부  감형 ,Social
 부동산 투기 의혹  서경석 전북개발공사 사장 사의 표명,Social
 청담동 술자리  결국 거짓말 첼리스트  그 시간 그 술집에 있지도 않았다,Social
 안전운임제 확대   화물연대 무기한 전면 총파업 돌입  뉴시스    ,Social
용인특례시  죽전 데이터센터  시민안전 확보될 때 허가여부 검토 ,Social
 출발 서해안 시대  광주전남연구원 분리 목소리 잇따라,Social
시멘트업계  화물연대 명분없는 불법파업 중단해야 ,Social
 극단선택 청주 여중생 사건  계부 성범죄 묵인한 친모 기소,Social
여성 지인 집 몰래 들어가 도둑질    반려견  사진 때문에 덜미,Social
 내 집인데 무슨 상관   실외기 위에 비둘기 밥 준 아랫집 사연  공분 ,Social
진실화해위  한국전쟁 당시 납북 피해자   명 인정  가해 주체  북한 정권 ,Social
 청담동 술자리 의혹  제기한 첼리스트  경찰에  거짓말 이었다  진술,Social
통일부  김여정  막말  담화에  매우 개탄 도적이 매를 들어 ,Social
만취 상태로 시민들 폭행 현역 대위 체포,Social
서울시  반지하 지상층 이주 시 최장  년간 월   만원 지원,Social
 딸 장기 팔겠다  전화에  철렁  은행으로 달려간 아빠,Social
서울 반지하 가구  지상층 이사하면  년간 월   만원씩 지원,Social
화물연대 포항 경주  개 지부 조합원     여명 파업 돌입,Social
 투기 의혹  서경석 전북개발공사 사장 사의 전북 떠나 종합 ,Social
특수본   보고서 삭제  의혹   서울청 정보부장 소환 조사,Social
 반지하  이주시 월  만원 지원 서울시    일부터 신청,Social
기아차 근로자  통상임금  차 소송도 일부 승소      억원 지급 판결,Social
 상여금도 통상임금  기아차노조   차 소송도  심 승소,Social
화물연대 광주  안전운임 일몰제 전면 폐지      여명 총파업,Social
퇴근길 경인고속도로   중 추돌  명 경상,Social
화물연대 부산서도 총파업 출정식   부산항 긴장 고조,Social
민변  이태원 참사 국정조사 기간 축소돼 빠짐없이 진상규명해야 ,Social
    진    월   일 경기도 연천 모 부대로 입대,Social
경기도   성남   후원금 의혹  관련 불구속기소 공무원 직위해제,Social
윤석열 정부 언론 문제 우려 속 언론학계 제시한  비판언론학  화두,Social
 안전운임제 일몰제 폐지  파업 돌입한 화물연대  부산신항서 출정식,Social
제주    세 이상이면 택시탈 때  만    원 무료,Social
충북교사노조  공무직 총파업 학교교육 파행 막을 대책 마련하라 ,Social
내일 밤사이 비 내린 뒤 주말 반짝 추위 다음주 중반  한파 ,Culture
이순신 최후의 순간 담은 류성룡의 달력  일본서 환수,Culture
 만병의 근원  만성 염증 줄이는 음료  ,Culture
코로나발 비만 당뇨  작년에 조금 줄어  유행 이전 수준은 아직 ,Culture
화물 파업에 정부 맞불  업무개시명령 고려  거부땐 법적조치 ,Culture
     맏형 진    월   일 전방 사단 신병교육대로 입대,Culture
 날씨  오늘 맑고 선선  큰 일교차   밤부터 서쪽 초미세먼지,Culture
 약손   수면장애와 코골이  졸음의 습격  기면증,Culture
    진    월   일 전방 사단 신병교육대 입대,Culture
약 없는 비알코올 지방간   형간염 치료제로 효과 연구 ,Culture
현대차 역사책 속  포니 쿠페     년 만에 환생한다,Culture
빙하 속 미생물 연   만  유출 얼어 있던 전염병도 눈 뜨나,Culture
첫사랑의 달콤한 입맞춤  모스카토 다스티의  그랑크뤼  카넬리의 탄생  최현태 기자의 와인홀릭 ,Culture
청계천  자율주행버스  달린다 내일부터 무료 운행,Culture
해외도 알아버렸다 해초의  가지 위엄,Culture
역사 속에만 있던 현대차  전설의      년 만에 빛 본다,Culture
마곡 잠실서울역  서울  대 마이스 거점으로,Culture
 대장  가벼이 하시면 안 됩니다    자에 담긴 충무공의 마지막,Culture
고양이 영양 공급에 대한 보호자들의 흔한  가지 오해,Culture
 그립습니다  최순자 씨의 큰 언니 고 최순남 씨,Culture
 그립습니다  최순자 씨의 큰 언니 고 최순남 씨,Culture
임신 중에 술 조금만 마셔도 태아 뇌에  악영향 ,Culture
 날씨  낮 동안 선선한 늦가을   맑지만 서쪽 초미세먼지 ,Culture
운전 중 브레이크 고장 났을 때 대처법은   살아남기 ,Culture
굳이 간식을 먹어야 한다면  항염증 간식 으로,Culture
 브레이크 결함 의심  사고     측  운전자 과실     차주  스펀지 현상 탓 ,Culture
커피의 시   테크   언제 마시지 ,Culture
복작한 청계천거리  자율주행버스 달린다,Culture
 관광 불모지  증평에서 만드는  벨포레의 기적 ,Culture
 미세먼지  증상 없이 뇌 망가뜨려 노출 최소화해야 ,Culture
 날씨  차츰 맑아져  큰 일교차 주의 대기질도 무난,Culture
배추 무 저렴하게 판다   대형마트  김장재료 할인전,Culture
잠깐만 걸어도 간단하게 활력 보충하는 방법  ,Culture
안상수 인천공항도 못한 해외미술관 인천 유치  유정복은 성공할까,Culture
토요일 낮부터 쌀쌀  다음주 화요일엔 본격적인 겨울 추위,Culture
 아침뉴스타임 날씨  오늘 차차 맑아져 기온의 일교차 커,Culture
북한  카타르 월드컵에  높은 관심  보이며 경기 방영    흔적 은 가려,Culture
땡볕 막은 운동장   해 품은 요양원  공간 쓰임  만큼 돋보인  마음 씀 ,Culture
이순신 최후 순간 적은  류성룡 비망록 달력  일본서 환수,Culture
 오늘의 스프  내년 여름에도 북극곰을 볼 수 있을까,Culture
류성룡이 쓰던 달력  일본서 돌아왔다  이순신 최후 순간  담겨,Culture
   년 전 여행자 따라 나선 길  보물을 만나다,Culture
 너무 따뜻한   월  비 내려도 포근한   월 다음 주부터  찬바람  분다,Culture
 현대차그룹  올해   점유율      최고의 한 해  될 것 ,Culture
 아미랑  암은  사연 으로 작동하는 병입니다,Culture
 저속주행 시 조향 어렵다  테슬라     대 리콜,Culture
 월드컵 연말 대목 놓칠까  화물연대 총파업에 유통업계 긴장,Culture
삼시 세끼가 좋아   간헐적 단식 조기 사망 위험 높여 연구 ,Culture
 날씨  전국 큰 일교차 유의 중서부 공기질  나쁨 ,Culture
발에 물만 대충 휙   무좀  생깁니다,Culture
 기자수첩  사력 다했는데  갈 곳 잃은 국산 코로나 백신,Culture
대구 경북 다시 일교차 큰 날씨 대체로 구름 많음,Culture
          프랑스 서부의 숨은 보물 브르타뉴  ,Culture
 출근길 날씨  어제 아침보다 쌀쌀 기온 일교차 커,Culture
아침에 어떤 달걀  삶은    구운    프라이 성분 비교,Culture
당근은 기름에 볶고  마늘은 구워야 건강에 좋아  양파는 ,Culture
 날씨  출근길 어제보다 쌀쌀 큰 일교차 안개 주의,Culture
박카스 대신  박카스맛 젤리  먹기 전에 짚어볼 것들,Culture
초겨울부터 영하권 맹추위 남부 가뭄 장기화 우려,Culture
 날씨클릭  밤사이 기온  뚝   아침 쌀쌀 한낮 온화 안개 주의,Culture
뱃살만 빼는 운동법  잘못된 다이어트 속설  ,Culture
김종길의 다석 늙은이     읽기    낌새 없는데 꾀,Culture
식후에  당신은 이제껏 녹차를 잘못 마셨다 ,Culture
벤츠 기아 테슬라 등  개사   개 차종  만    대 리콜,Culture
내가 발목을 자꾸  삐끗 하는 몰랐던 원인,Culture
 출근길 날씨  어제 아침보다 쌀쌀 기온 일교차 커,Culture
   월드컵 첫 경기날 부터 비닐봉투 금지 편의점 식당 초비상,Culture
 나홀로 세계여행 미 올림픽국립공원  태평양과 빙하와 우림이 공존  거인의 땅 ,Culture
 날씨  오늘 전국 맑고 예년보다 온화   큰 일교차 유의,Culture
 큰 차만 인기   저력 과시한 아반떼 신형으로 준중형 대표 굳힌다,Culture
 현대차    점유율      최고의 한해  예약    는  시험대  ,Culture
 반갑다  네팔   히말라야가 자원인 네팔  무분별한 난개발에 시름,Culture
글로벌 자동차상 휩쓰는 현대차그룹 전기차 국내선 테슬라 제쳤다,Culture
     세 청소년   가 백신 추가접종 가능성은 ,Culture
  년전 호수 풀어놓은 금붕어      초대형  자랐다,Culture
아침에 일어나기 힘든데  밤엔 쌩쌩   이 질환  때문 ,Culture
 오늘 날씨  출근길  안개주의보    수도권 미세먼지  나쁨 ,Culture
 헬스   환절기에 콜록콜록  기침가래약 용각산    용각산쿨은 ,Culture
늦가을 절정  경주서 보소,Culture
일상의 시름  강진서 푸소,Culture
호텔 결제하고 갔는데 추가금 내라고  깨알글씨 꼼수에 당했다,Culture
 더사주 오늘의 띠별 운세    월   일 목요일 음력   월 일  ,Culture
 오늘의     서로 사랑하십시오,Culture
 오늘의 설교  다윗의 삶과 죽음이 주는 교훈,Culture
      플라자  남미  팝 팬덤 거점 칠레에서 벌어진 일,Culture
메카에만    여명 성도  이슬람 심장이 뚫렸다,Culture
 차 접종 후    개월이면 효과 절반   오미크론 대응  가 백신  추가 접종을,Culture
 한평생 험지서 발로 뛰며 복음 전한 선배들  당신들은 영웅입니다  은퇴 목회자 발 씻긴 후 입 맞추자  세족식 눈물바다,Culture
근교산 그너머        창원 상투봉 화개산,Culture
  분 넘는 거리   분 만에 도착  의사 직접 탑승해 응급수술도 가능,Culture
메시야  메시다  알고보니 짝퉁 메시     명과 잠자리,Culture
코로나 백신 맞으려니 종류 여러 개  뭐 맞지 ,Culture
갑자기 콩닥콩닥 사랑 아니고       ,Culture
 시선집중   우울증 겪을 때 힘든 건 내가 무엇 때문에 힘든지 모른다는 것 ,Culture
 건강한 우리집  아침 입 냄새 유독 심하다면 잠들기 직전  이것  꼭 실천해보세요,Culture
 건강한 우리집  사랑니 방치하면 턱뼈 손상 우려  입 벌릴 때  딱딱  소리는 턱관절 이상 신호,Culture
추운 날에는  당뇨발  특히 조심  예방법은 ,Culture
한전         지분 전량 매각 의결    언론탄압  반발,Culture
 생활날씨  내일 쌀쌀한 출근길 수도권 등 중서부 공기 탁해,Culture
자동차도 월동 준비  타이어에     원 동전  끼워보세요,Culture
  월 시작부터 강추위    올겨울  예년보다 추울 듯 ,Culture
 뉴스  날씨  내일 출근길  쌀쌀   안개 미세먼지 주의,Culture
암  예방  위해서는 잡곡밥에 채소를  암 이미 생겼다면 ,Culture
목숨 앗아간 안면거상술이란    러시아 여성 수술 후 숨져,Culture
 날씨  내륙 짙은 안개 유의 내일 맑고 일교차 커,Culture
휴대폰처럼 차도 올려놓기만 하면 끝 ,Culture
 예쁘면 끌고가  시위대  성폭행  참다 못한 의료진이 폭로,Culture
 기상센터  올겨울  얼마나 추울까  다음 주부터  영하권 ,Culture
신경과 전문의  편두통     겪어 일반인보다  배 이상,Culture
새 변이 또 출현했는데  코로나  가 백신 맞을 필요 있나,Culture
  월 시작부터 강추위    올겨울  예년보다 추울 듯 ,Culture
 날씨  아침 더 쌀쌀 낮 기온 껑충  일교차 조심,Culture
 소리 없는 뼈도둑  골다공증 때문에 매일      명 넘게 병원 찾아,Culture
아찔한 단풍 속 특별한 가을 산책,Culture
고혈압 약  복용하기 시작하면 평생 먹어야 할까 ,Culture
        우리가 원했던 게 이거잖아  마블 여성 캐릭터 총정리,Culture
 이 음식  섭취  또렷한 기억력 유지에 도움,Culture
 날씨  내일 큰 일교차 유의 밤사이 내륙 짙은 안개,Culture
원두 즉석 디카페인 중 심혈관에 좋은 커피는,Culture
뇌를 즐겁게 하는 음식들   영양 정신학 을 아시나요,Culture
 날씨  경남 내일 새벽 아침 안개 주의 기온 차 커요 ,Culture
 날씨  전북  내일 초미세먼지  나쁨  아침 짙은 안개 유의,Culture
 날씨  충북 내일 맑고 온화 공기질 탁해,Culture
 날씨  대구 경북 내일 일교차   도 안팎 출근길 안개 주의,Culture
 영상  악뮤 가 다녔던 몽골 교회  서른 살 됐다,Culture
다운증후군과 알츠하이머병 연관성 밝혀져  연구 ,Culture
 날씨  제주 내일 아침 기온  아침 최저   도,Culture
 퇴근길 날씨  내일 아침 기온 내려가 서쪽 초미세먼지 ,Culture
엘사와 안나도 부러워 할 얼음세상  여기 다 있네 ,Culture
매운 초겨울    월부터 영하권 추위,Culture
 날씨  내일 아침 오늘보다 쌀쌀  큰 일교차  유의,Culture
오진 위험  맹장염     가 자동으로 진단한다  정확도는 ,Culture
 날씨  내일 아침 쌀쌀   일교차  ,Culture
한파시즌 앞두고 개나리 만개 올 겨울 이상고온 현상,Culture
 서운한 일 있어  밥값  만원 넘는데  축의금  만원 내고 들은 말,Culture
건조해진 겨울 피부  촉촉 보습법,Culture
월드컵 시즌이 돌아왔다 건강 지키며 응원하는 방법은 ,Culture
 펫플스토리   살찌는 겨울  몸무게 늘지 않도록 열심히 놀아 주세요 ,Culture
 대한민국    광화문광장서 카타르 월드컵 응원 함성 울려퍼진다,Culture
  화학 고려아연      억대 주식 맞교환  미국 배터리시장 주도권 잡자 ,Culture
한전         지분 전량 매각 의결    언론탄압  반발,Culture
 날씨  내일 아침 기온  뚝  오전까지 짙은 안개,Culture
자원봉사만  천 명    양복 입은 노신사도 감자를 깎는 이유,Culture
백경란  선구매한  국산  호 백신  폐기해야 할 수도 ,Culture
 침묵의 살인자  고혈압 약 끊을 수 있을까 ,Culture
대기오염에 짓눌린 지구 신간  공기 전쟁 ,Culture
내일 경기 북동부 등 아침 영하 낮엔 온화해 일교차      도,Culture
수원 택시부제   월  일 전면 해제 국토부 기준에 따라 최종 확정,Culture
그때도 지금도 여성들은 연대한다     년 뒤 세상은 달라야 하니까    여성백년사  이혜진        인터뷰 ,Culture
   친환경 강화에 코너 몰린 슈퍼카,Culture
 퇴근길 날씨  비 그치고 맑아져 내일 아침 기온 내려가,Culture
온화함 벗고  욕망 덩어리  분한 최원영   금수저 슈룹 모두 욕망 캐릭터 ,Culture
 날씨  밤사이 내륙 짙은 안개 출근길 쌀쌀,Culture
카타르 월드컵에 퍼진  뇌진탕  주의보  얼마나 위험하길래 ,Culture
또  충전 대란  벌어질라 화물연대 총파업 예고에 바짝 긴장,Culture
 보니하니 다이슨 에어랩  고가에도 반응 좋은 이유,Culture
기름 없이 바싹 구우면    호떡 부럽지 않습니다  두 여자의 끼니 ,Culture
직장선배 결혼식 축의금  만원 했더니  밥값 얼만 줄 아니  ,Culture
이소룡  물 많이 마셔서 사망   물 중독  어떤 질환이길래 ,Culture
 내일 날씨  낮 최고   도  월드컵 거리 응원  이상  ,Culture
편의점 일회용품 사용규제 앞두고 오락가락에 현장 혼란,Culture
 라임라이트 용의자 된 늙은 형사  낡은 신념을 버려라,Culture
조기 발견 어려운  구강암  정기 스케일링 통해 검진 필수,Culture
미래  주도권 잡자   치열한 전기차 타이어 시장,Culture
삽시간의 황홀 느끼려면  제주도 여길 가세요,Culture
강원 추위 언제    월부터 본격 추위  내년  월까지 평년과 비슷,Culture
전동화시대엔 유압 브레이크 사라진다  운전자의 물리적 개입 필요없어 ,Culture
뒷골목 벽화가 유명한 말레이시아 세렘반,Culture
화장실서 스마트폰 보기가 습관인 사람   이 병  주의,Culture
   이슈  한국 영화   년 만에 중국    서 본다 한한령 이전으로 갈 수 있을까,Culture
한국에는 없다 미국 스타벅스가 선보인 라떼는   식탐 ,Culture
  사이트 기무라 마세라티 아 태 대표     세계  위 시장 그레칼레로  세대 공략 ,Culture
 벤츠    잡을         내달   온다  자존심 건 플래그십 각축전 ,Culture
골프 테니스 스키 열풍 속 무릎 관절 지키는 방법은 ,Culture
경북 울진 영덕에   월 역대 최다 강수량    비 그친 뒤 아침 서늘해요,Culture
부마항쟁 기념식에 가수 섭외해 놓고 본인 곡 대신  희망찬 곡 부르라  한 행안부,Culture
 할인 많이 해서 샀는데  블프 쇼핑 주의할 점은,Culture
 어쩌다빌런   정신과 찾는 흔한 증상  완벽주의적인 성향  무대공포증 ,Culture
 이거 실화냐   제네시스  무려   개월 대기  이유 있었다,Culture
르노코리아    대 전액할부 구매 상품 출시,Culture
전현직 대통령 관심    바사 코로나 백신 생산 왜 중단됐나,Culture
 주역 세상      뻣뻣한 리더십으로는 무엇도 이룰 수 없다 ,Culture
 아이오닉  벤츠       있습니다      렌터카  전기차 물량확보  속도 ,Culture
 날씨  밤까지 동해안 비 계속 내일 큰 일교차,Culture
 날씨  내일도 큰 추위 없어   큰 일교차 주의,Culture
전기차 무선 충전 시대  어떤 모습일까,Culture
 스키타려고 예약했는데 수영만   봄 같은 겨울  언제까지 ,Culture
르노코리아    월 말까지   할부 금리      프로모션 실시,Culture
심정지 경험한 축구선수 에릭센     분 완주  가능했던 이유,Culture
 여행만리  마음은 부자  되는 소박한 지리산둘레길,Culture
  팝 불모지 가 뒤집어졌다 인도 조회수       폭발 비결은,Culture
갑자기 눈앞이 뿌옇게    눈 속 암  안구 내 림프종 ,Culture
 날씨  예년기온 웃돌며 선선   내일도 맑고 큰 일교차,Culture
태안 바다에서 나온  보물  고려청자들  한자리에 모인다,Culture
성매매 여성  불처벌 은 어떻게 페미니즘 선언이 되는가 플랫 ,Culture
에어서울  약  년 만에 일본 다카마쓰 노선 운행 재개,Culture
 이 차  하루    잔  혈관 건강하게 한다,Culture
 날씨  한낮 평년 기온 웃돌아 밤까지 동해안  비 ,Culture
 신팔도명물 겨울 바다가 주는 선물  포항 구룡포 과메기 ,Culture
 무결점 신차 만들자  렘펠 한국지엠 사장  창원공장 찾아 품질 점검,Culture
   나발니에 썼던 노비촉처럼 러  화학무기 우려 ,World
우크라 전황  겨울에 바뀌나 러  우크라 인프라 시설 집중 타격,World
러시아 개그맨 장난전화에 폴란드 대통령   분  초  회담,World
우크라  푸틴  헤르손 철수 후 두려워하고 있다 ,World
글로벌 경기 엇갈린 전망  급격한 침체 없다      역대 위기보다 심각 ,World
투자의 귀재 버핏이   년째 보유하고 있는 주식은     ,World
독일   우크라의 신속패전  원했다는 존슨 주장  말도 안돼 ,World
 도하의 비극이  기적 됐다    독일에 역전승하자 일본 열도가  들썩 ,World
중국 확진자 다시 최고    무차별 방역  회귀,World
교황  우크라전은 홀로도모르   러시아  아랑곳없이 미사일 공습,World
 코로나 노숙자  양산하는 중국 광저우선 다리 밑  지하도에 살림 차려,World
 사우디  터키 중앙은행에   억 달러 예치 협상 중    ,World
 미국 반도체업체 엔비디아  홍콩 물류센터 대만으로 이전 ,World
월드컵으로 전세계 떠들썩한데 나홀로 우울한  ,World
     세계경제  우려만큼 심각한 침체 겪지 않을 것 ,World
 와이파일  사우디와 일본의 대이변 속 호주의 대패 벤투의 선택은 ,World
  극단적 코로나 봉쇄   경제 돌발변수로,World
 년뒤 영국 공항부터  액체류 제한 노트북 꺼내기  사라질듯,World
 러시아에 이익 안돼      러시아산 원유 상한제 합의 실패,World
  년 전  도하의 비극 이  기적 으로 일본  역사적 승리  열광,World
   코로나   회복 불능 시점 도달 제로코로나 완화 어려워 ,World
  코로나   신규     명 총   만    명    명 추가 사망,World
유엔 안보리   러 에너지 테러  규탄  푸틴  겨울 무기화  종합 ,World
테슬라  월가 투자의견 상향에    가까이 반등,World
바이든  추수감사절 연휴 가족과 함께  대선 재출마 논의할 듯 ,World
 줌인   바이든의    는 중국식 전략     맞불 입법  경고한    ,World
   러시아 원유 제재하며 베네수엘라 원유 제재는 푼다,World
방공망 강화 나선 나토  루마니아서 모의 훈련 진행,World
 본선은 못 올랐지만     월드컵 실리 챙기기,World
 지구촌 돋보기   한국 반도체  잡겠다며 토요타 소니 뭉쳤다 파급력은 ,World
러 주도 군사협력체 분열음 아르메니아  푸틴 면전서 불만 표출,World
  광저우 코로나에 후베이성 출신 농민공들 노숙자 신세 전락,World
 전문가  북한  정상각도로      발사해도 놀랄 일 아니다 ,World
   도발     불안 조성 목적     약속 못 믿게 위협 ,World
가스프롬    일 오전  시부터 우크라 경유 가스관 공급량 축소 ,World
  폭스콘 근로자 수백명  공안과 충돌   아이폰 공급 차질 불가피,World
 영상    코로나 재봉쇄 경제 행사 줄줄이 연기 노동자는 분노  나우 어스 ,World
  년전 호수에 풀어준 금붕어       초대형 으로 자랐다,World
   겨울전쟁  앞둔 우크라 전폭지원 누적 군사지원만   조원대,World
  연준   경기 침체  첫 언급,World
일본 총리도    서 벤츠 탔다 한일 정상의  불편한  평행이론,World
중국 결국 지준율 인하 이르면 이번주 단행,World
코로나   잡기에 집중했더니  홍역  전 세계 유행 가능성에  비상 ,World
미 연준  금리 인상 속도 좀 늦추자      월  빅스텝  예고,World
  전술핵 재배치시 한국 쪽에서 한반도 긴장 고조시킬 것  언론,World
엔화    금리인상 둔화 관측에  달러    엔대 전반 상승 출발,World
    러시아  테러지원국   겨울 노린 공습 계속,World
  연준 속도조절 시사하자 주담대 금리 하락세,World
     러  원유가 상한액 합의 일단 실패   일 논의 계속 ,World
젤렌스키 측근  푸틴  헤르손 철수 후 생명위협 느낄만큼 불안 ,World
러  미사일 발악 한 날      우크라에  억달러 추가 군사 지원,World
김여정    실명 거론하며 맹비난     때완 다르다 ,World
  시진핑  연임 확정과 동시에  시진핑 퇴진  구호가 나왔다,World
  폭스콘 공장 직원들 집단 탈출 공안과 충돌로 아수라장,World
  년 만에 가장  잔혹한 겨울    추위와 공포 덮친 우크라이나,World
러시아  르노가 철수한 공장에서 구소련  모스코비치    생산,World
러시아 미사일 맹폭에 우크라  블랙아웃   원전 폐쇄  몰도바도 정전,World
 매체  네덜란드   주도 대중 압박에 반기   목소리 내는 것보고 배워 ,World
 서역길  만 천   중 유럽 열차  한해 컨테이너    만개 나른다,World
일본     승리 맞힌  문어  전문가 한국  우루과이 예측은,World
코로나 잡으려다 홍역 유행 초비상 영유아 백신 접종률 최저치,World
직원 탈주 이어 대규모 시위    폭스콘     만원 줄테니 떠나라 ,World
튀르키예  쿠르드 무장세력 목표물 공습  지상군 투입해 소탕작전 ,World
짐바브웨  중국돈으로 지은     억짜리 국회의사당 문 열어,World
   러시아  원유 가격 상한액 합의 불발 입장 차 커,World
 자막뉴스  살벌한  암살 무기  우크라 출격 대기    러시아 막아야 ,World
빅터 차       에   확장억제 약속  의심 심으려 해 ,World
다음 대회서    억원 공제 요구  계산기 두드리는 버드와이저,World
      현대차그룹  올해   시장서  최고의 한해  예약 ,World
러  우크라에 또 무차별 공습  수도 전력 공급 중단 ,World
     세계 경제  예상보단 덜 나쁠 것 내년 바닥 찍을 수도 ,World
얼마나 시위가 심했으면 폭스콘     만원 줄게 회사 나가라 ,World
       의사록서  금리인상 속도조절  나스닥    ,World
     의사록  조만간 금리인상 속도 늦추는 것이 적절  종합 ,World
미  러 미사일 막는 대공포 등  억 달러 지원  러  난민 무기화 ,World
미 연준  기준금리 인상속도의 둔화  곧 적절해질 것 ,World
 기막힌 우연    사우디 감독 여친       세네갈 감독 부인이였네,World
올라가지 말랬는데   세계 유산  피라미드서 춤 춘 관광객의 최후,World
    제한구역서  무인기 수백 대 탐지  악용 우려 ,World
  연준  금리 인상 속도 늦춰야    경기침체 가능성 언급,World
러 대대적 공습 속    첨단 요격미사일 등 우크라 추가 지원,World
 한 지붕 두 대통령  베네수엘라   년여만에 협상 재개,World
 영하   도  겨울전쟁서 반전 노리는 러 우크라 전기 집중 타격,World
러시아군 미사일   발 공습   명 사망  곳곳 정전,World
  년전 호수에 풀어놨는데     초대형 금붕어로 자랐다,World
 전차군단  독일 이긴 일본  한국에 행운의  한 마디 ,World
   우크라에 드론용 대공포 등  억 달러 규모 추가 군사지원 종합 ,World
뉴욕증시        속도 조절  언급에 상승 마감 테슬라    가까이 급등,World
    러시아  테러지원국   겨울 노린 공습 계속,World
테슬라       니콜라         전기차 일제  종합 ,World
러  미사일   발 발사 우크라 전 지역에서 정전,World
 월드컵    상대 역전승 거둔   시부야 메운 열기에  감개무량 ,World
정저우 공장 노동자 시위에도 애플 상승한 이유는  상보 ,World
러  공습으로 우크라 전역에 전력 식수 차단   원전 가동도 한시 중단키로,World
연준  금리인상 속도조절 필요  달러 강세 미 경제 부담,World
교황  우크라   스탈린이 부른 대기근과 비슷 ,World
  년만의 인플레 속  블프    지갑 닫을까 열까  힘들어도 블프 ,World
빅터차  북  미 확장억제 신뢰성에 의구심 키우려      발사 ,World
우크라 전체가 불 꺼졌다 러시아 또 대규모 미사일 세례,World
빅터차       확장억제에 대한    의구심 키우려      발사 ,World
  월       의사록 공개  곧 금리인상 속도조절  무게 종합 ,World
 영상  푸틴   만 또 동원령    러시아 진짜 여자들의 나라 되나 ,World
네덜란드도 반기   에 반도체 장비 팔겠다 ,World
 뉴욕유가  러  원유 가격상한제 앞두고      하락,World
우크라  킨부른반도 진격  러와 전면전 협상 갈림길,World
       러 원유 상한액 배럴당   달러선 합의할 듯,World
러 자랑한 자폭드론 영상에  전문가  엉뚱한 표적 때렸네   영상 ,World
 이 크기 실화냐       초대형 금붕어    분 사투끝 잡았다,World
튀르키예  쿠르드 세력    개 목표물 타격 지상군도 투입할 것 ,World
 단지별 봉쇄  없다더니   시민들 마트로 다시 돌진 베이징 노트 ,World
 겨울인데 눈이 안 오네   알프스 관광산업  붕괴 위기 ,World
미  우크라에  억달러 추가 군사지원,World
꽁꽁 봉쇄해도 감염자 급증  최악 코로나 상황 맞은 베이징,World
  폭스콘 공장서 대규모 시위   충돌 ,World
     에브리싱  빈 살만  월드컵 대첩 화끈한 자축,World
러시아 미사일 공습으로 우크라이나 전역에서 정전 발생,World
러  키이우 폭격으로 원전 꺼지고 곳곳 정전  혹독한 겨울 예고  종합 보 ,World
 러 미사일   발 퍼부어  우크라 모든 지역 정전 발생 종합 보 ,World
   하루 확진  만명 육박    당국  통제 어렵다  이례적 인정,World
폴란드 대통령  마크롱 사칭 러 개그맨 전화에 속아,World
 위 굳히는  전기차배터리   과 격차 더 커졌다,World
   전기차 산업 등  샌드위치 신세    에 치이고   에 밀려,World
스코틀랜드 독립투표 대법원서 막혀  영국 정부 동의 필요  종합 ,World
러  우크라에 미사일 공습  미사일   발 공격   명 사망  종합 ,World
   우크라에     억 추가 군사 지원 군사 지원만 총   조원,World
미국  방공미사일 등 우크라이나에  천   억원 규모 추가 군사 지원,World
크레디트스위스 위기설에 슈퍼리치도 불안   일간    조원 인출,World
미  방공 미사일 등 우크라에  천   억 원 규모 추가 군사 지원,World
   우크라에 방공미사일 등  천   억원 규모 추가 군사 지원,World
뉴욕증시       의사록 기다리며 상승 출발,World
흑역사의 도시서  도하의 기적  완성      상대로     대역전승,World
우크라 전역에 공습경보 에너지 인프라 타격에 정전,World
일본  독일 격파 대이변 스페인  골 화력쇼,World
튀르키예  쿠르드 세력    개 목표물 타격 지상군도 투입할 것  종합 ,World
사우디  아르헨 잡고 대이변 중동이 들썩,World
 전쟁 바라지 않아  러 장난전화 속은 폴란드 대통령,World
심상치 않은   코로나 방역 반발 광저우이어 정저우에서도 격렬 시위,World
러 미사일 공습에 키이우서  명 사망  단전 단수 속출 종합 ,World
 영상   이대로라면 우크라 내년 초 승전  전 나토 사령관의 얘기다,World
   인태사령부에 우주군 첫 창설            겨냥,World
유럽연합      협상 진전 없으면 법 만들어 맞대응    한국 전기차 더 힘들어 지나 ,World
마크롱 사칭 전화에 속은 폴란드 대통령  속마음 털어놔,World
우크라 사방에 미사일 날아와 사망자와 정전 속출,World
러  옛 르노  공장서 소련  모스크비치  브랜드 생산 재개,World
카타르에서 국적 숨기고 월드컵 보는 이 나라 팬들,World
파우치 알레르기 전염병연구소장의  마지막 당부   백신 꼭 맞으세요 ,World
멈춰 선   베이징 우리 기업 교민 피해 커질까 우려,World
빈 살만도 가족과  덩실덩실  사우디 승리 순간,World
사우디  아르헨 꺾었다  기적 대이변  열광의 도가니,World
우크라 전역에 공습 경보 키이우  하르키우  드니프로 등에 미사일,World
     원숭이두창  대신   두창 으로 명칭 바꾼다,World
사우디  아르헨 잡고 대이변 중동이 들썩,World
 러  우크라 산부인과 병동 폭격 신생아 숨졌다  젤렌스키  공포와 살인 ,World
   노마스크  월드컵에 허탈    같은 시대 다른 세상 ,World
에르도안  시리아 북부 쿠르드 지역 지상침공 다짐,World
푸틴  전쟁터에   만명 더 보내나  실행하면 몰락할 수도 ,World
 영상     가데나 공군기지서 대북 위력시위        등   여대 동원,World
 못 살겠다  대탈출 폭스콘 이젠 집단시위,World
 나 마크롱인데  개그맨에게 낚인 폴란드 대통령,World
나이지리아 북동부서 첫 석유 가스 개발,World
러시아군  헤르손서 철수하며 박물관 소장품     약탈,World
신냉전 핵위협 인플레 전세계 덮친  푸틴발 쇼크 ,World
튀르키예 국방부  쿠르드 세력    개 목표물 타격 ,World
이란  시리아서 이스라엘 폭탄 공격에 혁명수비대 대령 사망 ,World
미  인도 태평양사령부에 우주군 부대 창설,World
 본선은 못 올랐지만     월드컵 실리 챙기기,World
개최지는 카타르인데 월드컵 특수 제대로 누리는  두바이 ,World
 대지진  전조인가  불의 고리  잇따라 흔들  이유는,World
  아이폰 공장서 수백명 과격 시위  체불임금 보너스 지급 요구,World
중국 아이폰 공장서 노동자 경찰 격렬 충돌  미지급 임금 달라 ,World
유럽연합      협상 진전 없으면 법 만들어 맞대응    한국 전기차 더 힘들어 지나 ,World
홍콩  국가대표에  국가 오류 정정 안되면 경기장 떠나라 ,World
걷잡을 수 없는 확산세     비상     폭스콘 노동자 경찰 대치,World
      한국 반도체  잡겠다며 토요타 소니 뭉쳤다 파급력은 ,World
정치생명 끝난  말레이 국부  마하티르  국민 선택 받아들인다 ,World
  만  떨어진 달 궤도에 순찰대 뜬다     우주군  지구 달 공간 감시,World
 국제왕따 서 인싸로   에도    조 보따리  푼 왕세자 존재감 커졌다,World
 니킥  부상 당한 사우디 선수에 빈 살만  개인 제트기 내줬다,World
홍콩  국가대표에  국가     오류 정정 안되면 경기장 떠나라 ,World
 영상  우크라  최후의 고지  킨부른 거의 탈환 크림반도까지 사정권,World
 트럼프 악몽같은 날    세금내역 공개 거부  법 앞에 안통했다,World
서방  러 원유값 상한    선에 합의할 듯,World
 년에 한번 돌아오는 특수인데  카타르 월드컵 광고주에겐 지뢰밭 ,World
세계  위 제품 최다 보유국   턱밑까지 따라온  ,World
   베이징 상하이  준봉쇄  하루 확진  만명 코앞,World
 자막뉴스    대 위협 중  개가 있는 곳       인도 태평양사령부에 우주군 창설,World
 사우디가 아랍에 기쁨 줬다  단교했던 카타르도 축하해,World
 어항에는 입장불가          대왕 금붕어 나왔다,World
 차 동원령 없다더니  러   월에   만명 동원 준비 중  주장 나와,World
       러시아산 원유  배럴당   달러  상한 전망  러  공급 중단 ,World
식사 한 끼  억원 물 한잔  만 천원  미쳤다  지적받는 영수증 한 장,World
   폭스콘 노동자  임금미지급 항의하며 대규모 시위 ,World
시뻘건  용암 폭탄  러시아 활화산 동시 분화 대폭발 징후  포착 ,World
봉쇄 또 봉쇄 코로나 비상 베이징  고강도 방역 유턴,World
  언론  카타르서 봉변당한 한국 리포터에 응원 봇물 프로다웠다 ,World
러 야당  동원령 종료 공식 확인하는 법령 필요  푸틴에 서한,World
    철권 에 입 닫는 홍콩 증권가 투자정보 불투명성 심화 ,World
 국제적 왕따  빈 살만  월드컵 계기로 국제무대 돌아오나,World
푸틴  내년  월   차 동원령  가능성 최대   만명,World
 독일  우크라 패배로 인한 전쟁 조기종식 선호했다 ,World
